{
	"iOS": {
		"mtsURL": {
		},
		"minVersion": "3.0.00",	
		"storeURL": "https://itunes.apple.com/jp/app/sbi/id1240742779?l=ja&ls=1&mt=8",	
		"hideAccountOpenButton": []
	},
	"android": {
		"mtsURL": {
		},
		"minVersion": "3.0.00",
		"storeURL": "https://play.google.com/store/apps/details?id=jp.co.sbisec.hyperkabu2",
		"hideAccountOpenButton": []
	},
	"maintenance": {
		"trigger": "https://d130krplj495od.cloudfront.net/hyper/stock_apli_maintenance_trigger.txt",
		"message": "https://d130krplj495od.cloudfront.net/hyper/stock_apli_maintenance.txt"
	},
	"maintenanceMulti": {
		"trigger": "https://d2ynzj9i9a03yq.cloudfront.net/hyper/stock_apli_maintenance_trigger.txt",
		"message": "https://d2ynzj9i9a03yq.cloudfront.net/hyper/stock_apli_maintenance.txt"
	},
	"serviceStop": {
		"trigger": false,
		"message": "アプリ起動を抑止しております。"
	}
}
