{
		"categoryList": [
			{
				"code": "01",
				"name": "国内株式型"
			},
			{
				"code": "02",
				"name": "国内債券型"
			},
			{
				"code": "03",
				"name": "国内REIT型"
			},
			{
				"code": "11",
				"name": "国際株式型"
			},
			{
				"code": "12",
				"name": "国際債券型"
			},
			{
				"code": "13",
				"name": "国際REIT型"
			},
			{
				"code": "99",
				"name": "その他"
			}
		],
		"records": [
			{
				"date": "20170501",
				"assessmentList": [
					5000,
					2000,
					1000,
					500,
					7000,
					7000,
					1000
				]
			},
			{
				"date": "20170502",
				"assessmentList": [
					5001,
					2031,
					998,
					496,
					7032,
					7032,
					1003
				]
			},
			{
				"date": "20170503",
				"assessmentList": [
					5002,
					2062,
					996,
					492,
					7064,
					7064,
					1006
				]
			},
			{
				"date": "20170504",
				"assessmentList": [
					5003,
					2093,
					994,
					488,
					7096,
					7096,
					1009
				]
			},
			{
				"date": "20170505",
				"assessmentList": [
					5004,
					2124,
					992,
					484,
					7128,
					7128,
					1012
				]
			},
			{
				"date": "20170506",
				"assessmentList": [
					5005,
					2155,
					990,
					480,
					7160,
					7160,
					1015
				]
			},
			{
				"date": "20170507",
				"assessmentList": [
					5006,
					2186,
					988,
					476,
					7192,
					7192,
					1018
				]
			},
			{
				"date": "20170508",
				"assessmentList": [
					5007,
					2217,
					986,
					472,
					7224,
					7224,
					1021
				]
			},
			{
				"date": "20170509",
				"assessmentList": [
					5008,
					2248,
					984,
					468,
					7256,
					7256,
					1024
				]
			},
			{
				"date": "20170510",
				"assessmentList": [
					5009,
					2279,
					982,
					464,
					7288,
					7288,
					1027
				]
			},
			{
				"date": "20170511",
				"assessmentList": [
					5010,
					2310,
					980,
					460,
					7320,
					7320,
					1030
				]
			},
			{
				"date": "20170512",
				"assessmentList": [
					5011,
					2341,
					978,
					456,
					7352,
					7352,
					1033
				]
			},
			{
				"date": "20170513",
				"assessmentList": [
					5012,
					2372,
					976,
					452,
					7384,
					7384,
					1036
				]
			},
			{
				"date": "20170514",
				"assessmentList": [
					5013,
					2403,
					974,
					448,
					7416,
					7416,
					1039
				]
			},
			{
				"date": "20170515",
				"assessmentList": [
					5014,
					2434,
					972,
					444,
					7448,
					7448,
					1042
				]
			},
			{
				"date": "20170516",
				"assessmentList": [
					5015,
					2465,
					970,
					440,
					7480,
					7480,
					1045
				]
			},
			{
				"date": "20170517",
				"assessmentList": [
					5016,
					2496,
					968,
					436,
					7512,
					7512,
					1048
				]
			},
			{
				"date": "20170518",
				"assessmentList": [
					5017,
					2527,
					966,
					432,
					7544,
					7544,
					1051
				]
			},
			{
				"date": "20170519",
				"assessmentList": [
					5018,
					2558,
					964,
					428,
					7576,
					7576,
					1054
				]
			},
			{
				"date": "20170520",
				"assessmentList": [
					5019,
					2589,
					962,
					424,
					7608,
					7608,
					1057
				]
			},
			{
				"date": "20170521",
				"assessmentList": [
					5020,
					2620,
					960,
					420,
					7640,
					7640,
					1060
				]
			},
			{
				"date": "20170522",
				"assessmentList": [
					5021,
					2651,
					958,
					416,
					7672,
					7672,
					1063
				]
			},
			{
				"date": "20170523",
				"assessmentList": [
					5022,
					2682,
					956,
					412,
					7704,
					7704,
					1066
				]
			},
			{
				"date": "20170524",
				"assessmentList": [
					5023,
					2713,
					954,
					408,
					7736,
					7736,
					1069
				]
			},
			{
				"date": "20170525",
				"assessmentList": [
					5024,
					2744,
					952,
					404,
					7768,
					7768,
					1072
				]
			},
			{
				"date": "20170526",
				"assessmentList": [
					5025,
					2775,
					950,
					400,
					7800,
					7800,
					1075
				]
			},
			{
				"date": "20170527",
				"assessmentList": [
					5026,
					2806,
					948,
					396,
					7832,
					7832,
					1078
				]
			},
			{
				"date": "20170528",
				"assessmentList": [
					5027,
					2837,
					946,
					392,
					7864,
					7864,
					1081
				]
			},
			{
				"date": "20170529",
				"assessmentList": [
					5028,
					2868,
					944,
					388,
					7896,
					7896,
					1084
				]
			},
			{
				"date": "20170530",
				"assessmentList": [
					5029,
					2899,
					942,
					384,
					7928,
					7928,
					1087
				]
			},
			{
				"date": "20170531",
				"assessmentList": [
					5030,
					2930,
					940,
					380,
					7960,
					7960,
					1090
				]
			},
			{
				"date": "20170601",
				"assessmentList": [
					5050,
					2980,
					950,
					400,
					8000,
					8000,
					1100
				]
			},
			{
				"date": "20170602",
				"assessmentList": [
					5050,
					2967,
					945,
					401,
					7996,
					7996,
					1100
				]
			},
			{
				"date": "20170603",
				"assessmentList": [
					5050,
					2954,
					940,
					402,
					7992,
					7992,
					1100
				]
			},
			{
				"date": "20170604",
				"assessmentList": [
					5050,
					2941,
					935,
					403,
					7988,
					7988,
					1100
				]
			},
			{
				"date": "20170605",
				"assessmentList": [
					5050,
					2928,
					930,
					404,
					7984,
					7984,
					1100
				]
			},
			{
				"date": "20170606",
				"assessmentList": [
					5050,
					2915,
					925,
					405,
					7980,
					7980,
					1100
				]
			},
			{
				"date": "20170607",
				"assessmentList": [
					5050,
					2902,
					920,
					406,
					7976,
					7976,
					1100
				]
			},
			{
				"date": "20170608",
				"assessmentList": [
					5050,
					2889,
					915,
					407,
					7972,
					7972,
					1100
				]
			},
			{
				"date": "20170609",
				"assessmentList": [
					5050,
					2876,
					910,
					408,
					7968,
					7968,
					1100
				]
			},
			{
				"date": "20170610",
				"assessmentList": [
					5050,
					2863,
					905,
					409,
					7964,
					7964,
					1100
				]
			},
			{
				"date": "20170611",
				"assessmentList": [
					5050,
					2850,
					900,
					410,
					7960,
					7960,
					1100
				]
			},
			{
				"date": "20170612",
				"assessmentList": [
					5050,
					2837,
					895,
					411,
					7956,
					7956,
					1100
				]
			},
			{
				"date": "20170613",
				"assessmentList": [
					5050,
					2824,
					890,
					412,
					7952,
					7952,
					1100
				]
			},
			{
				"date": "20170614",
				"assessmentList": [
					5050,
					2811,
					885,
					413,
					7948,
					7948,
					1100
				]
			},
			{
				"date": "20170615",
				"assessmentList": [
					5050,
					2798,
					880,
					414,
					7944,
					7944,
					1100
				]
			},
			{
				"date": "20170616",
				"assessmentList": [
					5050,
					2785,
					875,
					415,
					7940,
					7940,
					1100
				]
			},
			{
				"date": "20170617",
				"assessmentList": [
					5050,
					2772,
					870,
					416,
					7936,
					7936,
					1100
				]
			},
			{
				"date": "20170618",
				"assessmentList": [
					5050,
					2759,
					865,
					417,
					7932,
					7932,
					1100
				]
			},
			{
				"date": "20170619",
				"assessmentList": [
					5050,
					2746,
					860,
					418,
					7928,
					7928,
					1100
				]
			},
			{
				"date": "20170620",
				"assessmentList": [
					5050,
					2733,
					855,
					419,
					7924,
					7924,
					1100
				]
			},
			{
				"date": "20170621",
				"assessmentList": [
					5050,
					2720,
					850,
					420,
					7920,
					7920,
					1100
				]
			},
			{
				"date": "20170622",
				"assessmentList": [
					5050,
					2707,
					845,
					421,
					7916,
					7916,
					1100
				]
			},
			{
				"date": "20170623",
				"assessmentList": [
					5050,
					2694,
					840,
					422,
					7912,
					7912,
					1100
				]
			},
			{
				"date": "20170624",
				"assessmentList": [
					5050,
					2681,
					835,
					423,
					7908,
					7908,
					1100
				]
			},
			{
				"date": "20170625",
				"assessmentList": [
					5050,
					2668,
					830,
					424,
					7904,
					7904,
					1100
				]
			},
			{
				"date": "20170626",
				"assessmentList": [
					5050,
					2655,
					825,
					425,
					7900,
					7900,
					1100
				]
			},
			{
				"date": "20170627",
				"assessmentList": [
					5050,
					2642,
					820,
					426,
					7896,
					7896,
					1100
				]
			},
			{
				"date": "20170628",
				"assessmentList": [
					5050,
					2629,
					815,
					427,
					7892,
					7892,
					1100
				]
			},
			{
				"date": "20170629",
				"assessmentList": [
					5050,
					2616,
					810,
					428,
					7888,
					7888,
					1100
				]
			},
			{
				"date": "20170630",
				"assessmentList": [
					5050,
					2603,
					805,
					429,
					7884,
					7884,
					1100
				]
			},
			{
				"date": "20170701",
				"assessmentList": [
					5050,
					2600,
					800,
					450,
					7900,
					7900,
					1110
				]
			},
			{
				"date": "20170702",
				"assessmentList": [
					5050,
					2587,
					795,
					451,
					7896,
					7896,
					1110
				]
			},
			{
				"date": "20170703",
				"assessmentList": [
					5050,
					2574,
					790,
					452,
					7892,
					7892,
					1110
				]
			},
			{
				"date": "20170704",
				"assessmentList": [
					5050,
					2561,
					785,
					453,
					7888,
					7888,
					1110
				]
			},
			{
				"date": "20170705",
				"assessmentList": [
					5050,
					2548,
					780,
					454,
					7884,
					7884,
					1110
				]
			},
			{
				"date": "20170706",
				"assessmentList": [
					5050,
					2535,
					775,
					455,
					7880,
					7880,
					1110
				]
			},
			{
				"date": "20170707",
				"assessmentList": [
					5050,
					2522,
					770,
					456,
					7876,
					7876,
					1110
				]
			},
			{
				"date": "20170708",
				"assessmentList": [
					5050,
					2509,
					765,
					457,
					7872,
					7872,
					1110
				]
			},
			{
				"date": "20170709",
				"assessmentList": [
					5050,
					2496,
					760,
					458,
					7868,
					7868,
					1110
				]
			},
			{
				"date": "20170710",
				"assessmentList": [
					5050,
					2483,
					755,
					459,
					7864,
					7864,
					1110
				]
			},
			{
				"date": "20170711",
				"assessmentList": [
					5050,
					2470,
					750,
					460,
					7860,
					7860,
					1110
				]
			},
			{
				"date": "20170712",
				"assessmentList": [
					5050,
					2457,
					745,
					461,
					7856,
					7856,
					1110
				]
			},
			{
				"date": "20170713",
				"assessmentList": [
					5050,
					2444,
					740,
					462,
					7852,
					7852,
					1110
				]
			},
			{
				"date": "20170714",
				"assessmentList": [
					5050,
					2431,
					735,
					463,
					7848,
					7848,
					1110
				]
			},
			{
				"date": "20170715",
				"assessmentList": [
					5050,
					2418,
					730,
					464,
					7844,
					7844,
					1110
				]
			},
			{
				"date": "20170716",
				"assessmentList": [
					5050,
					2405,
					725,
					465,
					7840,
					7840,
					1110
				]
			},
			{
				"date": "20170717",
				"assessmentList": [
					5050,
					2392,
					720,
					466,
					7836,
					7836,
					1110
				]
			},
			{
				"date": "20170718",
				"assessmentList": [
					5050,
					2379,
					715,
					467,
					7832,
					7832,
					1110
				]
			},
			{
				"date": "20170719",
				"assessmentList": [
					5050,
					2366,
					710,
					468,
					7828,
					7828,
					1110
				]
			},
			{
				"date": "20170720",
				"assessmentList": [
					5050,
					2353,
					705,
					469,
					7824,
					7824,
					1110
				]
			},
			{
				"date": "20170721",
				"assessmentList": [
					5050,
					2340,
					700,
					470,
					7820,
					7820,
					1110
				]
			},
			{
				"date": "20170722",
				"assessmentList": [
					5050,
					2327,
					695,
					471,
					7816,
					7816,
					1110
				]
			},
			{
				"date": "20170723",
				"assessmentList": [
					5050,
					2314,
					690,
					472,
					7812,
					7812,
					1110
				]
			},
			{
				"date": "20170724",
				"assessmentList": [
					5050,
					2301,
					685,
					473,
					7808,
					7808,
					1110
				]
			},
			{
				"date": "20170725",
				"assessmentList": [
					5050,
					2288,
					680,
					474,
					7804,
					7804,
					1110
				]
			},
			{
				"date": "20170726",
				"assessmentList": [
					5050,
					2275,
					675,
					475,
					7800,
					7800,
					1110
				]
			},
			{
				"date": "20170727",
				"assessmentList": [
					5050,
					2262,
					670,
					476,
					7796,
					7796,
					1110
				]
			},
			{
				"date": "20170728",
				"assessmentList": [
					5050,
					2249,
					665,
					477,
					7792,
					7792,
					1110
				]
			},
			{
				"date": "20170729",
				"assessmentList": [
					5050,
					2236,
					660,
					478,
					7788,
					7788,
					1110
				]
			},
			{
				"date": "20170730",
				"assessmentList": [
					5050,
					2223,
					655,
					479,
					7784,
					7784,
					1110
				]
			},
			{
				"date": "20170731",
				"assessmentList": [
					5050,
					2210,
					650,
					480,
					7780,
					7780,
					1110
				]
			},
			{
				"date": "20170801",
				"assessmentList": [
					0,
					0,
					0,
					0,
					0,
					0,
					0
				]
			},
			{
				"date": "20170802",
				"assessmentList": [
					0,
					0,
					0,
					0,
					0,
					0,
					0
				]
			},
			{
				"date": "20170803",
				"assessmentList": [
					0,
					0,
					0,
					0,
					0,
					0,
					0
				]
			},
			{
				"date": "20170804",
				"assessmentList": [
					0,
					0,
					0,
					0,
					0,
					0,
					0
				]
			},
			{
				"date": "20170805",
				"assessmentList": [
					0,
					0,
					0,
					0,
					0,
					0,
					0
				]
			},
			{
				"date": "20170806",
				"assessmentList": [
					0,
					0,
					0,
					0,
					0,
					0,
					0
				]
			},
			{
				"date": "20170807",
				"assessmentList": [
					0,
					0,
					0,
					0,
					0,
					0,
					0
				]
			},
			{
				"date": "20170808",
				"assessmentList": [
					0,
					0,
					0,
					0,
					0,
					0,
					0
				]
			},
			{
				"date": "20170809",
				"assessmentList": [
					0,
					0,
					0,
					0,
					0,
					0,
					0
				]
			},
			{
				"date": "20170810",
				"assessmentList": [
					0,
					0,
					0,
					0,
					0,
					0,
					0
				]
			},
			{
				"date": "20170811",
				"assessmentList": [
					0,
					0,
					0,
					0,
					0,
					0,
					0
				]
			},
			{
				"date": "20170812",
				"assessmentList": [
					0,
					0,
					0,
					0,
					0,
					0,
					0
				]
			},
			{
				"date": "20170813",
				"assessmentList": [
					0,
					0,
					0,
					0,
					0,
					0,
					0
				]
			},
			{
				"date": "20170814",
				"assessmentList": [
					0,
					0,
					0,
					0,
					0,
					0,
					0
				]
			},
			{
				"date": "20170815",
				"assessmentList": [
					0,
					0,
					0,
					0,
					0,
					0,
					0
				]
			},
			{
				"date": "20170816",
				"assessmentList": [
					0,
					0,
					0,
					0,
					0,
					0,
					0
				]
			},
			{
				"date": "20170817",
				"assessmentList": [
					0,
					0,
					0,
					0,
					0,
					0,
					0
				]
			},
			{
				"date": "20170818",
				"assessmentList": [
					0,
					0,
					0,
					0,
					0,
					0,
					0
				]
			},
			{
				"date": "20170819",
				"assessmentList": [
					0,
					0,
					0,
					0,
					0,
					0,
					0
				]
			},
			{
				"date": "20170820",
				"assessmentList": [
					0,
					0,
					0,
					0,
					0,
					0,
					0
				]
			},
			{
				"date": "20170821",
				"assessmentList": [
					0,
					0,
					0,
					0,
					0,
					0,
					0
				]
			},
			{
				"date": "20170822",
				"assessmentList": [
					0,
					0,
					0,
					0,
					0,
					0,
					0
				]
			},
			{
				"date": "20170823",
				"assessmentList": [
					0,
					0,
					0,
					0,
					0,
					0,
					0
				]
			},
			{
				"date": "20170824",
				"assessmentList": [
					0,
					0,
					0,
					0,
					0,
					0,
					0
				]
			},
			{
				"date": "20170825",
				"assessmentList": [
					0,
					0,
					0,
					0,
					0,
					0,
					0
				]
			},
			{
				"date": "20170826",
				"assessmentList": [
					0,
					0,
					0,
					0,
					0,
					0,
					0
				]
			},
			{
				"date": "20170827",
				"assessmentList": [
					0,
					0,
					0,
					0,
					0,
					0,
					0
				]
			},
			{
				"date": "20170828",
				"assessmentList": [
					0,
					0,
					0,
					0,
					0,
					0,
					0
				]
			},
			{
				"date": "20170829",
				"assessmentList": [
					0,
					0,
					0,
					0,
					0,
					0,
					0
				]
			},
			{
				"date": "20170830",
				"assessmentList": [
					0,
					0,
					0,
					0,
					0,
					0,
					0
				]
			},
			{
				"date": "20170831",
				"assessmentList": [
					0,
					0,
					0,
					0,
					0,
					0,
					0
				]
			},
			{
				"date": "20170901",
				"assessmentList": [
					0,
					0,
					0,
					0,
					0,
					0,
					0
				]
			},
			{
				"date": "20170902",
				"assessmentList": [
					0,
					0,
					0,
					0,
					0,
					0,
					0
				]
			},
			{
				"date": "20170903",
				"assessmentList": [
					0,
					0,
					0,
					0,
					0,
					0,
					0
				]
			},
			{
				"date": "20170904",
				"assessmentList": [
					0,
					0,
					0,
					0,
					0,
					0,
					0
				]
			},
			{
				"date": "20170905",
				"assessmentList": [
					0,
					0,
					0,
					0,
					0,
					0,
					0
				]
			},
			{
				"date": "20170906",
				"assessmentList": [
					0,
					0,
					0,
					0,
					0,
					0,
					0
				]
			},
			{
				"date": "20170907",
				"assessmentList": [
					0,
					0,
					0,
					0,
					0,
					0,
					0
				]
			},
			{
				"date": "20170908",
				"assessmentList": [
					0,
					0,
					0,
					0,
					0,
					0,
					0
				]
			},
			{
				"date": "20170909",
				"assessmentList": [
					0,
					0,
					0,
					0,
					0,
					0,
					0
				]
			},
			{
				"date": "20170910",
				"assessmentList": [
					0,
					0,
					0,
					0,
					0,
					0,
					0
				]
			},
			{
				"date": "20170911",
				"assessmentList": [
					0,
					0,
					0,
					0,
					0,
					0,
					0
				]
			},
			{
				"date": "20170912",
				"assessmentList": [
					0,
					0,
					0,
					0,
					0,
					0,
					0
				]
			},
			{
				"date": "20170913",
				"assessmentList": [
					0,
					0,
					0,
					0,
					0,
					0,
					0
				]
			},
			{
				"date": "20170914",
				"assessmentList": [
					0,
					0,
					0,
					0,
					0,
					0,
					0
				]
			},
			{
				"date": "20170915",
				"assessmentList": [
					0,
					0,
					0,
					0,
					0,
					0,
					0
				]
			},
			{
				"date": "20170916",
				"assessmentList": [
					0,
					0,
					0,
					0,
					0,
					0,
					0
				]
			},
			{
				"date": "20170917",
				"assessmentList": [
					0,
					0,
					0,
					0,
					0,
					0,
					0
				]
			},
			{
				"date": "20170918",
				"assessmentList": [
					0,
					0,
					0,
					0,
					0,
					0,
					0
				]
			},
			{
				"date": "20170919",
				"assessmentList": [
					0,
					0,
					0,
					0,
					0,
					0,
					0
				]
			},
			{
				"date": "20170920",
				"assessmentList": [
					0,
					0,
					0,
					0,
					0,
					0,
					0
				]
			},
			{
				"date": "20170921",
				"assessmentList": [
					0,
					0,
					0,
					0,
					0,
					0,
					0
				]
			},
			{
				"date": "20170922",
				"assessmentList": [
					0,
					0,
					0,
					0,
					0,
					0,
					0
				]
			},
			{
				"date": "20170923",
				"assessmentList": [
					0,
					0,
					0,
					0,
					0,
					0,
					0
				]
			},
			{
				"date": "20170924",
				"assessmentList": [
					0,
					0,
					0,
					0,
					0,
					0,
					0
				]
			},
			{
				"date": "20170925",
				"assessmentList": [
					0,
					0,
					0,
					0,
					0,
					0,
					0
				]
			},
			{
				"date": "20170926",
				"assessmentList": [
					0,
					0,
					0,
					0,
					0,
					0,
					0
				]
			},
			{
				"date": "20170927",
				"assessmentList": [
					0,
					0,
					0,
					0,
					0,
					0,
					0
				]
			},
			{
				"date": "20170928",
				"assessmentList": [
					0,
					0,
					0,
					0,
					0,
					0,
					0
				]
			},
			{
				"date": "20170929",
				"assessmentList": [
					0,
					0,
					0,
					0,
					0,
					0,
					0
				]
			},
			{
				"date": "20170930",
				"assessmentList": [
					0,
					0,
					0,
					0,
					0,
					0,
					0
				]
			},
			{
				"date": "20171001",
				"assessmentList": [
					6300,
					5100,
					1010,
					980,
					550,
					550,
					0
				]
			},
			{
				"date": "20171002",
				"assessmentList": [
					6313,
					5103,
					1010,
					980,
					549,
					549,
					0
				]
			},
			{
				"date": "20171003",
				"assessmentList": [
					6326,
					5106,
					1010,
					980,
					548,
					548,
					0
				]
			},
			{
				"date": "20171004",
				"assessmentList": [
					6339,
					5109,
					1010,
					980,
					547,
					547,
					0
				]
			},
			{
				"date": "20171005",
				"assessmentList": [
					6352,
					5112,
					1010,
					980,
					546,
					546,
					0
				]
			},
			{
				"date": "20171006",
				"assessmentList": [
					6365,
					5115,
					1010,
					980,
					545,
					545,
					0
				]
			},
			{
				"date": "20171007",
				"assessmentList": [
					6378,
					5118,
					1010,
					980,
					544,
					544,
					0
				]
			},
			{
				"date": "20171008",
				"assessmentList": [
					6391,
					5121,
					1010,
					980,
					543,
					543,
					0
				]
			},
			{
				"date": "20171009",
				"assessmentList": [
					6404,
					5124,
					1010,
					980,
					542,
					542,
					0
				]
			},
			{
				"date": "20171010",
				"assessmentList": [
					6417,
					5127,
					1010,
					980,
					541,
					541,
					0
				]
			},
			{
				"date": "20171011",
				"assessmentList": [
					6430,
					5130,
					1010,
					980,
					540,
					540,
					0
				]
			},
			{
				"date": "20171012",
				"assessmentList": [
					6443,
					5133,
					1010,
					980,
					539,
					539,
					0
				]
			},
			{
				"date": "20171013",
				"assessmentList": [
					6456,
					5136,
					1010,
					980,
					538,
					538,
					0
				]
			},
			{
				"date": "20171014",
				"assessmentList": [
					6469,
					5139,
					1010,
					980,
					537,
					537,
					0
				]
			},
			{
				"date": "20171015",
				"assessmentList": [
					6482,
					5142,
					1010,
					980,
					536,
					536,
					0
				]
			},
			{
				"date": "20171016",
				"assessmentList": [
					6495,
					5145,
					1010,
					980,
					535,
					535,
					0
				]
			},
			{
				"date": "20171017",
				"assessmentList": [
					6508,
					5148,
					1010,
					980,
					534,
					534,
					0
				]
			},
			{
				"date": "20171018",
				"assessmentList": [
					6521,
					5151,
					1010,
					980,
					533,
					533,
					0
				]
			},
			{
				"date": "20171019",
				"assessmentList": [
					6534,
					5154,
					1010,
					980,
					532,
					532,
					0
				]
			},
			{
				"date": "20171020",
				"assessmentList": [
					6547,
					5157,
					1010,
					980,
					531,
					531,
					0
				]
			},
			{
				"date": "20171021",
				"assessmentList": [
					6560,
					5160,
					1010,
					980,
					530,
					530,
					0
				]
			},
			{
				"date": "20171022",
				"assessmentList": [
					6573,
					5163,
					1010,
					980,
					529,
					529,
					0
				]
			},
			{
				"date": "20171023",
				"assessmentList": [
					6586,
					5166,
					1010,
					980,
					528,
					528,
					0
				]
			},
			{
				"date": "20171024",
				"assessmentList": [
					6599,
					5169,
					1010,
					980,
					527,
					527,
					0
				]
			},
			{
				"date": "20171025",
				"assessmentList": [
					6612,
					5172,
					1010,
					980,
					526,
					526,
					0
				]
			},
			{
				"date": "20171026",
				"assessmentList": [
					6625,
					5175,
					1010,
					980,
					525,
					525,
					0
				]
			},
			{
				"date": "20171027",
				"assessmentList": [
					6638,
					5178,
					1010,
					980,
					524,
					524,
					0
				]
			},
			{
				"date": "20171028",
				"assessmentList": [
					6651,
					5181,
					1010,
					980,
					523,
					523,
					0
				]
			},
			{
				"date": "20171029",
				"assessmentList": [
					6664,
					5184,
					1010,
					980,
					522,
					522,
					0
				]
			},
			{
				"date": "20171030",
				"assessmentList": [
					6677,
					5187,
					1010,
					980,
					521,
					521,
					0
				]
			},
			{
				"date": "20171031",
				"assessmentList": [
					6690,
					5190,
					1010,
					980,
					520,
					520,
					0
				]
			},
			{
				"date": "20171101",
				"assessmentList": [
					6700,
					5200,
					1010,
					1000,
					530,
					530,
					0
				]
			},
			{
				"date": "20171102",
				"assessmentList": [
					6716,
					5196,
					1009,
					1000,
					530,
					530,
					0
				]
			},
			{
				"date": "20171103",
				"assessmentList": [
					6732,
					5192,
					1008,
					1000,
					530,
					530,
					0
				]
			},
			{
				"date": "20171104",
				"assessmentList": [
					6748,
					5188,
					1007,
					1000,
					530,
					530,
					0
				]
			},
			{
				"date": "20171105",
				"assessmentList": [
					6764,
					5184,
					1006,
					1000,
					530,
					530,
					0
				]
			},
			{
				"date": "20171106",
				"assessmentList": [
					6780,
					5180,
					1005,
					1000,
					530,
					530,
					0
				]
			},
			{
				"date": "20171107",
				"assessmentList": [
					6796,
					5176,
					1004,
					1000,
					530,
					530,
					0
				]
			},
			{
				"date": "20171108",
				"assessmentList": [
					6812,
					5172,
					1003,
					1000,
					530,
					530,
					0
				]
			},
			{
				"date": "20171109",
				"assessmentList": [
					6828,
					5168,
					1002,
					1000,
					530,
					530,
					0
				]
			},
			{
				"date": "20171110",
				"assessmentList": [
					6844,
					5164,
					1001,
					1000,
					530,
					530,
					0
				]
			},
			{
				"date": "20171111",
				"assessmentList": [
					6860,
					5160,
					1000,
					1000,
					530,
					530,
					0
				]
			},
			{
				"date": "20171112",
				"assessmentList": [
					6876,
					5156,
					999,
					1000,
					530,
					530,
					0
				]
			},
			{
				"date": "20171113",
				"assessmentList": [
					6892,
					5152,
					998,
					1000,
					530,
					530,
					0
				]
			},
			{
				"date": "20171114",
				"assessmentList": [
					6908,
					5148,
					997,
					1000,
					530,
					530,
					0
				]
			},
			{
				"date": "20171115",
				"assessmentList": [
					6924,
					5144,
					996,
					1000,
					530,
					530,
					0
				]
			},
			{
				"date": "20171116",
				"assessmentList": [
					6940,
					5140,
					995,
					1000,
					530,
					530,
					0
				]
			},
			{
				"date": "20171117",
				"assessmentList": [
					6956,
					5136,
					994,
					1000,
					530,
					530,
					0
				]
			},
			{
				"date": "20171118",
				"assessmentList": [
					6972,
					5132,
					993,
					1000,
					530,
					530,
					0
				]
			},
			{
				"date": "20171119",
				"assessmentList": [
					6988,
					5128,
					992,
					1000,
					530,
					530,
					0
				]
			},
			{
				"date": "20171120",
				"assessmentList": [
					7004,
					5124,
					991,
					1000,
					530,
					530,
					0
				]
			},
			{
				"date": "20171121",
				"assessmentList": [
					7020,
					5120,
					990,
					1000,
					530,
					530,
					0
				]
			},
			{
				"date": "20171122",
				"assessmentList": [
					7036,
					5116,
					989,
					1000,
					530,
					530,
					0
				]
			},
			{
				"date": "20171123",
				"assessmentList": [
					7052,
					5112,
					988,
					1000,
					530,
					530,
					0
				]
			},
			{
				"date": "20171124",
				"assessmentList": [
					7068,
					5108,
					987,
					1000,
					530,
					530,
					0
				]
			},
			{
				"date": "20171125",
				"assessmentList": [
					7084,
					5104,
					986,
					1000,
					530,
					530,
					0
				]
			},
			{
				"date": "20171126",
				"assessmentList": [
					7100,
					5100,
					985,
					1000,
					530,
					530,
					0
				]
			},
			{
				"date": "20171127",
				"assessmentList": [
					7116,
					5096,
					984,
					1000,
					530,
					530,
					0
				]
			},
			{
				"date": "20171128",
				"assessmentList": [
					7132,
					5092,
					983,
					1000,
					530,
					530,
					0
				]
			},
			{
				"date": "20171129",
				"assessmentList": [
					7148,
					5088,
					982,
					1000,
					530,
					530,
					0
				]
			},
			{
				"date": "20171130",
				"assessmentList": [
					7164,
					5084,
					981,
					1000,
					530,
					530,
					0
				]
			},
			{
				"date": "20171201",
				"assessmentList": [
					7200,
					5100,
					1000,
					1010,
					550,
					550,
					0
				]
			},
			{
				"date": "20171202",
				"assessmentList": [
					7180,
					5106,
					1003,
					1009,
					549,
					549,
					0
				]
			},
			{
				"date": "20171203",
				"assessmentList": [
					7160,
					5112,
					1006,
					1008,
					548,
					548,
					0
				]
			},
			{
				"date": "20171204",
				"assessmentList": [
					7140,
					5118,
					1009,
					1007,
					547,
					547,
					0
				]
			},
			{
				"date": "20171205",
				"assessmentList": [
					7120,
					5124,
					1012,
					1006,
					546,
					546,
					0
				]
			},
			{
				"date": "20171206",
				"assessmentList": [
					7100,
					5130,
					1015,
					1005,
					545,
					545,
					0
				]
			},
			{
				"date": "20171207",
				"assessmentList": [
					7080,
					5136,
					1018,
					1004,
					544,
					544,
					0
				]
			},
			{
				"date": "20171208",
				"assessmentList": [
					7060,
					5142,
					1021,
					1003,
					543,
					543,
					0
				]
			},
			{
				"date": "20171209",
				"assessmentList": [
					7040,
					5148,
					1024,
					1002,
					542,
					542,
					0
				]
			},
			{
				"date": "20171210",
				"assessmentList": [
					7020,
					5154,
					1027,
					1001,
					541,
					541,
					0
				]
			},
			{
				"date": "20171211",
				"assessmentList": [
					7000,
					5160,
					1030,
					1000,
					540,
					540,
					0
				]
			},
			{
				"date": "20171212",
				"assessmentList": [
					6980,
					5166,
					1033,
					999,
					539,
					539,
					0
				]
			},
			{
				"date": "20171213",
				"assessmentList": [
					6960,
					5172,
					1036,
					998,
					538,
					538,
					0
				]
			},
			{
				"date": "20171214",
				"assessmentList": [
					6940,
					5178,
					1039,
					997,
					537,
					537,
					0
				]
			},
			{
				"date": "20171215",
				"assessmentList": [
					6920,
					5184,
					1042,
					996,
					536,
					536,
					0
				]
			},
			{
				"date": "20171216",
				"assessmentList": [
					6900,
					5190,
					1045,
					995,
					535,
					535,
					0
				]
			},
			{
				"date": "20171217",
				"assessmentList": [
					6880,
					5196,
					1048,
					994,
					534,
					534,
					0
				]
			},
			{
				"date": "20171218",
				"assessmentList": [
					6860,
					5202,
					1051,
					993,
					533,
					533,
					0
				]
			},
			{
				"date": "20171219",
				"assessmentList": [
					6840,
					5208,
					1054,
					992,
					532,
					532,
					0
				]
			},
			{
				"date": "20171220",
				"assessmentList": [
					6820,
					5214,
					1057,
					991,
					531,
					531,
					0
				]
			},
			{
				"date": "20171221",
				"assessmentList": [
					6800,
					5220,
					1060,
					990,
					530,
					530,
					0
				]
			},
			{
				"date": "20171222",
				"assessmentList": [
					6780,
					5226,
					1063,
					989,
					529,
					529,
					0
				]
			},
			{
				"date": "20171223",
				"assessmentList": [
					6760,
					5232,
					1066,
					988,
					528,
					528,
					0
				]
			},
			{
				"date": "20171224",
				"assessmentList": [
					6740,
					5238,
					1069,
					987,
					527,
					527,
					0
				]
			},
			{
				"date": "20171225",
				"assessmentList": [
					6720,
					5244,
					1072,
					986,
					526,
					526,
					0
				]
			},
			{
				"date": "20171226",
				"assessmentList": [
					6700,
					5250,
					1075,
					985,
					525,
					525,
					0
				]
			},
			{
				"date": "20171227",
				"assessmentList": [
					6680,
					5256,
					1078,
					984,
					524,
					524,
					0
				]
			},
			{
				"date": "20171228",
				"assessmentList": [
					6660,
					5262,
					1081,
					983,
					523,
					523,
					0
				]
			},
			{
				"date": "20171229",
				"assessmentList": [
					6640,
					5268,
					1084,
					982,
					522,
					522,
					0
				]
			},
			{
				"date": "20171230",
				"assessmentList": [
					6620,
					5274,
					1087,
					981,
					521,
					521,
					0
				]
			},
			{
				"date": "20171231",
				"assessmentList": [
					6600,
					5280,
					1090,
					980,
					520,
					520,
					0
				]
			},
			{
				"date": "20180101",
				"assessmentList": [
					6600,
					5300,
					1100,
					1000,
					540,
					540,
					0
				]
			},
			{
				"date": "20180102",
				"assessmentList": [
					6603,
					5360,
					1101,
					1010,
					542,
					542,
					0
				]
			},
			{
				"date": "20180103",
				"assessmentList": [
					6606,
					5420,
					1102,
					1020,
					544,
					544,
					0
				]
			},
			{
				"date": "20180104",
				"assessmentList": [
					6609,
					5480,
					1103,
					1030,
					546,
					546,
					0
				]
			},
			{
				"date": "20180105",
				"assessmentList": [
					6612,
					5540,
					1104,
					1040,
					548,
					548,
					0
				]
			},
			{
				"date": "20180106",
				"assessmentList": [
					6615,
					5600,
					1105,
					1050,
					550,
					550,
					0
				]
			},
			{
				"date": "20180107",
				"assessmentList": [
					6618,
					5660,
					1106,
					1060,
					552,
					552,
					0
				]
			},
			{
				"date": "20180108",
				"assessmentList": [
					6621,
					5720,
					1107,
					1070,
					554,
					554,
					0
				]
			},
			{
				"date": "20180109",
				"assessmentList": [
					6624,
					5780,
					1108,
					1080,
					556,
					556,
					0
				]
			},
			{
				"date": "20180110",
				"assessmentList": [
					6627,
					5840,
					1109,
					1090,
					558,
					558,
					0
				]
			},
			{
				"date": "20180111",
				"assessmentList": [
					6630,
					5900,
					1110,
					1100,
					560,
					560,
					0
				]
			},
			{
				"date": "20180112",
				"assessmentList": [
					6633,
					5960,
					1111,
					1110,
					562,
					562,
					0
				]
			},
			{
				"date": "20180113",
				"assessmentList": [
					6636,
					6020,
					1112,
					1120,
					564,
					564,
					0
				]
			},
			{
				"date": "20180114",
				"assessmentList": [
					6639,
					6080,
					1113,
					1130,
					566,
					566,
					0
				]
			},
			{
				"date": "20180115",
				"assessmentList": [
					6642,
					6140,
					1114,
					1140,
					568,
					568,
					0
				]
			},
			{
				"date": "20180116",
				"assessmentList": [
					6645,
					6200,
					1115,
					1150,
					570,
					570,
					0
				]
			},
			{
				"date": "20180117",
				"assessmentList": [
					6648,
					6260,
					1116,
					1160,
					572,
					572,
					0
				]
			},
			{
				"date": "20180118",
				"assessmentList": [
					6651,
					6320,
					1117,
					1170,
					574,
					574,
					0
				]
			},
			{
				"date": "20180119",
				"assessmentList": [
					6654,
					6380,
					1118,
					1180,
					576,
					576,
					0
				]
			},
			{
				"date": "20180120",
				"assessmentList": [
					6657,
					6440,
					1119,
					1190,
					578,
					578,
					0
				]
			},
			{
				"date": "20180121",
				"assessmentList": [
					6660,
					6500,
					1120,
					1200,
					580,
					580,
					0
				]
			},
			{
				"date": "20180122",
				"assessmentList": [
					6663,
					6560,
					1121,
					1210,
					582,
					582,
					0
				]
			},
			{
				"date": "20180123",
				"assessmentList": [
					6666,
					6620,
					1122,
					1220,
					584,
					584,
					0
				]
			},
			{
				"date": "20180124",
				"assessmentList": [
					6669,
					6680,
					1123,
					1230,
					586,
					586,
					0
				]
			},
			{
				"date": "20180125",
				"assessmentList": [
					6672,
					6740,
					1124,
					1240,
					588,
					588,
					0
				]
			},
			{
				"date": "20180126",
				"assessmentList": [
					6675,
					6800,
					1125,
					1250,
					590,
					590,
					0
				]
			},
			{
				"date": "20180127",
				"assessmentList": [
					6678,
					6860,
					1126,
					1260,
					592,
					592,
					0
				]
			},
			{
				"date": "20180128",
				"assessmentList": [
					6681,
					6920,
					1127,
					1270,
					594,
					594,
					0
				]
			},
			{
				"date": "20180129",
				"assessmentList": [
					6684,
					6980,
					1128,
					1280,
					596,
					596,
					0
				]
			},
			{
				"date": "20180130",
				"assessmentList": [
					6687,
					7040,
					1129,
					1290,
					598,
					598,
					0
				]
			},
			{
				"date": "20180131",
				"assessmentList": [
					6690,
					7100,
					1130,
					1300,
					600,
					600,
					0
				]
			},
			{
				"date": "20180201",
				"assessmentList": [
					6700,
					7000,
					1150,
					1300,
					600,
					600,
					0
				]
			},
			{
				"date": "20180202",
				"assessmentList": [
					6706,
					6967,
					1151,
					1296,
					599,
					599,
					0
				]
			},
			{
				"date": "20180203",
				"assessmentList": [
					6712,
					6934,
					1152,
					1292,
					598,
					598,
					0
				]
			},
			{
				"date": "20180204",
				"assessmentList": [
					6718,
					6901,
					1153,
					1288,
					597,
					597,
					0
				]
			},
			{
				"date": "20180205",
				"assessmentList": [
					6724,
					6868,
					1154,
					1284,
					596,
					596,
					0
				]
			},
			{
				"date": "20180206",
				"assessmentList": [
					6730,
					6835,
					1155,
					1280,
					595,
					595,
					0
				]
			},
			{
				"date": "20180207",
				"assessmentList": [
					6736,
					6802,
					1156,
					1276,
					594,
					594,
					0
				]
			},
			{
				"date": "20180208",
				"assessmentList": [
					6742,
					6769,
					1157,
					1272,
					593,
					593,
					0
				]
			},
			{
				"date": "20180209",
				"assessmentList": [
					6748,
					6736,
					1158,
					1268,
					592,
					592,
					0
				]
			},
			{
				"date": "20180210",
				"assessmentList": [
					6754,
					6703,
					1159,
					1264,
					591,
					591,
					0
				]
			},
			{
				"date": "20180211",
				"assessmentList": [
					6760,
					6670,
					1160,
					1260,
					590,
					590,
					0
				]
			},
			{
				"date": "20180212",
				"assessmentList": [
					6766,
					6637,
					1161,
					1256,
					589,
					589,
					0
				]
			},
			{
				"date": "20180213",
				"assessmentList": [
					6772,
					6604,
					1162,
					1252,
					588,
					588,
					0
				]
			},
			{
				"date": "20180214",
				"assessmentList": [
					6778,
					6571,
					1163,
					1248,
					587,
					587,
					0
				]
			},
			{
				"date": "20180215",
				"assessmentList": [
					6784,
					6538,
					1164,
					1244,
					586,
					586,
					0
				]
			},
			{
				"date": "20180216",
				"assessmentList": [
					6790,
					6505,
					1165,
					1240,
					585,
					585,
					0
				]
			},
			{
				"date": "20180217",
				"assessmentList": [
					6796,
					6472,
					1166,
					1236,
					584,
					584,
					0
				]
			},
			{
				"date": "20180218",
				"assessmentList": [
					6802,
					6439,
					1167,
					1232,
					583,
					583,
					0
				]
			},
			{
				"date": "20180219",
				"assessmentList": [
					6808,
					6406,
					1168,
					1228,
					582,
					582,
					0
				]
			},
			{
				"date": "20180220",
				"assessmentList": [
					6814,
					6373,
					1169,
					1224,
					581,
					581,
					0
				]
			},
			{
				"date": "20180221",
				"assessmentList": [
					6820,
					6340,
					1170,
					1220,
					580,
					580,
					0
				]
			},
			{
				"date": "20180222",
				"assessmentList": [
					6826,
					6307,
					1171,
					1216,
					579,
					579,
					0
				]
			},
			{
				"date": "20180223",
				"assessmentList": [
					6832,
					6274,
					1172,
					1212,
					578,
					578,
					0
				]
			},
			{
				"date": "20180224",
				"assessmentList": [
					6838,
					6241,
					1173,
					1208,
					577,
					577,
					0
				]
			},
			{
				"date": "20180225",
				"assessmentList": [
					6844,
					6208,
					1174,
					1204,
					576,
					576,
					0
				]
			},
			{
				"date": "20180226",
				"assessmentList": [
					6850,
					6175,
					1175,
					1200,
					575,
					575,
					0
				]
			},
			{
				"date": "20180227",
				"assessmentList": [
					6856,
					6142,
					1176,
					1196,
					574,
					574,
					0
				]
			},
			{
				"date": "20180228",
				"assessmentList": [
					6862,
					6109,
					1177,
					1192,
					573,
					573,
					0
				]
			},
			{
				"date": "20180301",
				"assessmentList": [
					6900,
					6000,
					1200,
					1200,
					580,
					580,
					0
				]
			},
			{
				"date": "20180302",
				"assessmentList": [
					6896,
					5996,
					1200,
					1201,
					580,
					580,
					0
				]
			},
			{
				"date": "20180303",
				"assessmentList": [
					6892,
					5992,
					1200,
					1202,
					580,
					580,
					0
				]
			},
			{
				"date": "20180304",
				"assessmentList": [
					6888,
					5988,
					1200,
					1203,
					580,
					580,
					0
				]
			},
			{
				"date": "20180305",
				"assessmentList": [
					6884,
					5984,
					1200,
					1204,
					580,
					580,
					0
				]
			},
			{
				"date": "20180306",
				"assessmentList": [
					6880,
					5980,
					1200,
					1205,
					580,
					580,
					0
				]
			},
			{
				"date": "20180307",
				"assessmentList": [
					6876,
					5976,
					1200,
					1206,
					580,
					580,
					0
				]
			},
			{
				"date": "20180308",
				"assessmentList": [
					6872,
					5972,
					1200,
					1207,
					580,
					580,
					0
				]
			},
			{
				"date": "20180309",
				"assessmentList": [
					6868,
					5968,
					1200,
					1208,
					580,
					580,
					0
				]
			},
			{
				"date": "20180310",
				"assessmentList": [
					6864,
					5964,
					1200,
					1209,
					580,
					580,
					0
				]
			},
			{
				"date": "20180311",
				"assessmentList": [
					6860,
					5960,
					1200,
					1210,
					580,
					580,
					0
				]
			},
			{
				"date": "20180312",
				"assessmentList": [
					6856,
					5956,
					1200,
					1211,
					580,
					580,
					0
				]
			},
			{
				"date": "20180313",
				"assessmentList": [
					6852,
					5952,
					1200,
					1212,
					580,
					580,
					0
				]
			},
			{
				"date": "20180314",
				"assessmentList": [
					6848,
					5948,
					1200,
					1213,
					580,
					580,
					0
				]
			},
			{
				"date": "20180315",
				"assessmentList": [
					6844,
					5944,
					1200,
					1214,
					580,
					580,
					0
				]
			},
			{
				"date": "20180316",
				"assessmentList": [
					6840,
					5940,
					1200,
					1215,
					580,
					580,
					0
				]
			},
			{
				"date": "20180317",
				"assessmentList": [
					6836,
					5936,
					1200,
					1216,
					580,
					580,
					0
				]
			},
			{
				"date": "20180318",
				"assessmentList": [
					6832,
					5932,
					1200,
					1217,
					580,
					580,
					0
				]
			},
			{
				"date": "20180319",
				"assessmentList": [
					6828,
					5928,
					1200,
					1218,
					580,
					580,
					0
				]
			},
			{
				"date": "20180320",
				"assessmentList": [
					6824,
					5924,
					1200,
					1219,
					580,
					580,
					0
				]
			},
			{
				"date": "20180321",
				"assessmentList": [
					6820,
					5920,
					1200,
					1220,
					580,
					580,
					0
				]
			},
			{
				"date": "20180322",
				"assessmentList": [
					6816,
					5916,
					1200,
					1221,
					580,
					580,
					0
				]
			},
			{
				"date": "20180323",
				"assessmentList": [
					6812,
					5912,
					1200,
					1222,
					580,
					580,
					0
				]
			},
			{
				"date": "20180324",
				"assessmentList": [
					6808,
					5908,
					1200,
					1223,
					580,
					580,
					0
				]
			},
			{
				"date": "20180325",
				"assessmentList": [
					6804,
					5904,
					1200,
					1224,
					580,
					580,
					0
				]
			},
			{
				"date": "20180326",
				"assessmentList": [
					6800,
					5900,
					1200,
					1225,
					580,
					580,
					0
				]
			},
			{
				"date": "20180327",
				"assessmentList": [
					6796,
					5896,
					1200,
					1226,
					580,
					580,
					0
				]
			},
			{
				"date": "20180328",
				"assessmentList": [
					6792,
					5892,
					1200,
					1227,
					580,
					580,
					0
				]
			},
			{
				"date": "20180329",
				"assessmentList": [
					6788,
					5888,
					1200,
					1228,
					580,
					580,
					0
				]
			},
			{
				"date": "20180330",
				"assessmentList": [
					6784,
					5884,
					1200,
					1229,
					580,
					580,
					0
				]
			},
			{
				"date": "20180331",
				"assessmentList": [
					6780,
					5880,
					1200,
					1230,
					580,
					580,
					0
				]
			},
			{
				"date": "20180401",
				"assessmentList": [
					6800,
					5900,
					1210,
					1250,
					600,
					600,
					0
				]
			},
			{
				"date": "20180402",
				"assessmentList": [
					6796,
					5896,
					1210,
					1251,
					600,
					600,
					0
				]
			},
			{
				"date": "20180403",
				"assessmentList": [
					6792,
					5892,
					1210,
					1252,
					600,
					600,
					0
				]
			},
			{
				"date": "20180404",
				"assessmentList": [
					6788,
					5888,
					1210,
					1253,
					600,
					600,
					0
				]
			},
			{
				"date": "20180405",
				"assessmentList": [
					6784,
					5884,
					1210,
					1254,
					600,
					600,
					0
				]
			},
			{
				"date": "20180406",
				"assessmentList": [
					6780,
					5880,
					1210,
					1255,
					600,
					600,
					0
				]
			},
			{
				"date": "20180407",
				"assessmentList": [
					6776,
					5876,
					1210,
					1256,
					600,
					600,
					0
				]
			},
			{
				"date": "20180408",
				"assessmentList": [
					6772,
					5872,
					1210,
					1257,
					600,
					600,
					0
				]
			},
			{
				"date": "20180409",
				"assessmentList": [
					6768,
					5868,
					1210,
					1258,
					600,
					600,
					0
				]
			},
			{
				"date": "20180410",
				"assessmentList": [
					6764,
					5864,
					1210,
					1259,
					600,
					600,
					0
				]
			},
			{
				"date": "20180411",
				"assessmentList": [
					6760,
					5860,
					1210,
					1260,
					600,
					600,
					0
				]
			},
			{
				"date": "20180412",
				"assessmentList": [
					6756,
					5856,
					1210,
					1261,
					600,
					600,
					0
				]
			},
			{
				"date": "20180413",
				"assessmentList": [
					6752,
					5852,
					1210,
					1262,
					600,
					600,
					0
				]
			},
			{
				"date": "20180414",
				"assessmentList": [
					6748,
					5848,
					1210,
					1263,
					600,
					600,
					0
				]
			},
			{
				"date": "20180415",
				"assessmentList": [
					6744,
					5844,
					1210,
					1264,
					600,
					600,
					0
				]
			},
			{
				"date": "20180416",
				"assessmentList": [
					6740,
					5840,
					1210,
					1265,
					600,
					600,
					0
				]
			},
			{
				"date": "20180417",
				"assessmentList": [
					6736,
					5836,
					1210,
					1266,
					600,
					600,
					0
				]
			},
			{
				"date": "20180418",
				"assessmentList": [
					6732,
					5832,
					1210,
					1267,
					600,
					600,
					0
				]
			},
			{
				"date": "20180419",
				"assessmentList": [
					6728,
					5828,
					1210,
					1268,
					600,
					600,
					0
				]
			},
			{
				"date": "20180420",
				"assessmentList": [
					6724,
					5824,
					1210,
					1269,
					600,
					600,
					0
				]
			},
			{
				"date": "20180421",
				"assessmentList": [
					6720,
					5820,
					1210,
					1270,
					600,
					600,
					0
				]
			},
			{
				"date": "20180422",
				"assessmentList": [
					6716,
					5816,
					1210,
					1271,
					600,
					600,
					0
				]
			},
			{
				"date": "20180423",
				"assessmentList": [
					6712,
					5812,
					1210,
					1272,
					600,
					600,
					0
				]
			},
			{
				"date": "20180424",
				"assessmentList": [
					6708,
					5808,
					1210,
					1273,
					600,
					600,
					0
				]
			},
			{
				"date": "20180425",
				"assessmentList": [
					6704,
					5804,
					1210,
					1274,
					600,
					600,
					0
				]
			},
			{
				"date": "20180426",
				"assessmentList": [
					6700,
					5800,
					1210,
					1275,
					600,
					600,
					0
				]
			},
			{
				"date": "20180427",
				"assessmentList": [
					6696,
					5796,
					1210,
					1276,
					600,
					600,
					0
				]
			},
			{
				"date": "20180428",
				"assessmentList": [
					6692,
					5792,
					1210,
					1277,
					600,
					600,
					0
				]
			},
			{
				"date": "20180429",
				"assessmentList": [
					6688,
					5788,
					1210,
					1278,
					600,
					600,
					0
				]
			},
			{
				"date": "20180430",
				"assessmentList": [
					6684,
					5784,
					1210,
					1279,
					600,
					600,
					0
				]
			}
		]
	}
